[{"model": "contenttypes.contenttype", "pk": 1, "fields": {"model": "permission", "app_label": "auth"}}, {"model": "contenttypes.contenttype", "pk": 2, "fields": {"model": "group", "app_label": "auth"}}, {"model": "contenttypes.contenttype", "pk": 3, "fields": {"model": "user", "app_label": "auth"}}, {"model": "contenttypes.contenttype", "pk": 4, "fields": {"model": "contenttype", "app_label": "contenttypes"}}, {"model": "contenttypes.contenttype", "pk": 5, "fields": {"model": "session", "app_label": "sessions"}}, {"model": "contenttypes.contenttype", "pk": 6, "fields": {"model": "user", "app_label": "CavTutor"}}, {"model": "contenttypes.contenttype", "pk": 7, "fields": {"model": "authenticator", "app_label": "CavTutor"}}, {"model": "contenttypes.contenttype", "pk": 8, "fields": {"model": "course", "app_label": "CavTutor"}}, {"model": "contenttypes.contenttype", "pk": 9, "fields": {"model": "tutor", "app_label": "CavTutor"}}, {"model": "contenttypes.contenttype", "pk": 10, "fields": {"model": "tutee", "app_label": "CavTutor"}}, {"model": "contenttypes.contenttype", "pk": 11, "fields": {"model": "institution", "app_label": "CavTutor"}}, {"model": "CavTutor.user", "pk": 1, "fields": {"email": "jdoe@example.com", "f_name": "Jane", "date_joined": "2016-11-02T20:10:13.639Z", "username": "Jane", "l_name": "Doe", "password": "pbkdf2_sha256$20000$9E8otldf0tqM$CeX2S1S92yizfiuo96AexR9lRth1yIXkizRR7tt4QFo="}}, {"model": "CavTutor.user", "pk": 2, "fields": {"email": "jdoe@example.com", "f_name": "John", "date_joined": "2016-11-02T20:10:22.434Z", "username": "John", "l_name": "Doe", "password": "pbkdf2_sha256$20000$pToORDn67bMe$wx4Ap9CmEgS4pbb64J2EMpDFs3JipNCtAXLIBD0NFvI="}}, {"model": "CavTutor.user", "pk": 3, "fields": {"email": "jdoe@example.com", "f_name": "Joshua", "date_joined": "2016-11-02T20:10:36.124Z", "username": "Joshua", "l_name": "Doe", "password": "pbkdf2_sha256$20000$WsY8qYRiYmXc$zxB5DAo2fKC66+91IXJsJWRqsn7590gJrYaFsike5+Y="}}, {"model": "CavTutor.user", "pk": 4, "fields": {"email": "jdoe@example.com", "f_name": "Jacqueline", "date_joined": "2016-11-02T20:10:44.921Z", "username": "Jacqueline", "l_name": "Doe", "password": "pbkdf2_sha256$20000$0dEw0TQ9jkGt$3+6DV3XzjRyeuQ5HOId5YQmqrTAePMoERDzFcoB5ZBY="}}, {"model": "CavTutor.user", "pk": 5, "fields": {"email": "jdoe@example.com", "f_name": "Jenny", "date_joined": "2016-11-02T20:10:52.113Z", "username": "Jenny", "l_name": "Doe", "password": "pbkdf2_sha256$20000$kYjG8LBBGVvG$NVcE6TMuyJFjzJCehiuHNCnzS5bG3lFtKfUel7z/1v0="}}, {"model": "CavTutor.user", "pk": 6, "fields": {"email": "jdoe@example.com", "f_name": "Josephine", "date_joined": "2016-11-02T20:11:03.359Z", "username": "Josephine", "l_name": "Doe", "password": "pbkdf2_sha256$20000$7mIewFccQqsl$4GmlbuCyxwOQ9Ik2k4aD1eqE64ibzspORVxUKV1D0LM="}}, {"model": "CavTutor.user", "pk": 7, "fields": {"email": "jdoe@example.com", "f_name": "Jack", "date_joined": "2016-11-02T20:11:14.105Z", "username": "Jack", "l_name": "Doe", "password": "pbkdf2_sha256$20000$pY5CtJe4WwbN$wVk74oqG/LED3Z193E/K3TtHBgR9Y1FmMeGj3dI1eyA="}}, {"model": "CavTutor.user", "pk": 8, "fields": {"email": "jdoe@example.com", "f_name": "My password", "date_joined": "2016-11-02T20:11:41.732Z", "username": "foobar", "l_name": "is foobar", "password": "pbkdf2_sha256$20000$CPyUyTFF9U7Z$gkiRSFD41maeGmCYNuPld8sQSDoeaRJj4d/j7ZKq2bw="}}, {"model": "CavTutor.authenticator", "pk": 1, "fields": {"user": 1, "expiry_date": "2016-11-03T04:25:38.221Z", "token": "3559212c05f40e9f3a3ebcc3a2fec788c23fb799e221afc195cdc77ef8b1e9be"}}, {"model": "CavTutor.course", "pk": 1, "fields": {"institution": 1, "abbr": "BW 101", "name": "Basket Weaving", "instructor": ""}}, {"model": "CavTutor.course", "pk": 2, "fields": {"institution": 2, "abbr": "BW 1010", "name": "Basket Weaving", "instructor": ""}}, {"model": "CavTutor.course", "pk": 3, "fields": {"institution": 5, "abbr": "CS 101", "name": "Computer Science Fundaementals", "instructor": ""}}, {"model": "CavTutor.course", "pk": 4, "fields": {"institution": 4, "abbr": "CS 101", "name": "Computer Science Fundaementals", "instructor": ""}}, {"model": "CavTutor.course", "pk": 5, "fields": {"institution": 7, "abbr": "CS 101", "name": "Computer Science Fundaementals", "instructor": ""}}, {"model": "CavTutor.course", "pk": 6, "fields": {"institution": 6, "abbr": "CS 101", "name": "Computer Science Fundaementals", "instructor": ""}}, {"model": "CavTutor.course", "pk": 7, "fields": {"institution": 3, "abbr": "CSC 202", "name": "Discrete Math", "instructor": ""}}, {"model": "CavTutor.course", "pk": 8, "fields": {"institution": 2, "abbr": "CS 4501-ISA", "name": "Internet Scale Applications", "instructor": ""}}, {"model": "CavTutor.course", "pk": 9, "fields": {"institution": 1, "abbr": "PAT 200", "name": "Tutorial in Patent Trolling", "instructor": ""}}, {"model": "CavTutor.course", "pk": 10, "fields": {"institution": 1, "abbr": "BCS 200", "name": "Slippin' Jimmy Practicum", "instructor": ""}}, {"model": "CavTutor.course", "pk": 11, "fields": {"institution": 2, "abbr": "HIHI 001", "name": "History of History of History of History of History", "instructor": ""}}, {"model": "CavTutor.course", "pk": 12, "fields": {"institution": 2, "abbr": "CALC 2010", "name": "Applied Calculus", "instructor": ""}}, {"model": "CavTutor.course", "pk": 13, "fields": {"institution": 2, "abbr": "STAT 2121", "name": "Statistics", "instructor": ""}}, {"model": "CavTutor.tutor", "pk": 1, "fields": {"course": 1, "user": 1, "adv_rate": "10.20"}}, {"model": "CavTutor.tutor", "pk": 2, "fields": {"course": 4, "user": 1, "adv_rate": "40.12"}}, {"model": "CavTutor.tutor", "pk": 3, "fields": {"course": 11, "user": 7, "adv_rate": "723.11"}}, {"model": "CavTutor.tutor", "pk": 4, "fields": {"course": 8, "user": 8, "adv_rate": "700.34"}}, {"model": "CavTutor.tutor", "pk": 5, "fields": {"course": 10, "user": 2, "adv_rate": "12.10"}}, {"model": "CavTutor.tutor", "pk": 6, "fields": {"course": 7, "user": 2, "adv_rate": "10210312301203.11"}}, {"model": "CavTutor.tutor", "pk": 7, "fields": {"course": 3, "user": 2, "adv_rate": "10210312301203.11"}}, {"model": "CavTutor.tutor", "pk": 8, "fields": {"course": 3, "user": 7, "adv_rate": "10210312301203.11"}}, {"model": "CavTutor.tutor", "pk": 9, "fields": {"course": 10, "user": 1, "adv_rate": "123.12"}}, {"model": "CavTutor.tutee", "pk": 1, "fields": {"tutor": 1, "course": 1, "user": 7}}, {"model": "CavTutor.tutee", "pk": 2, "fields": {"tutor": 1, "course": 1, "user": 6}}, {"model": "CavTutor.tutee", "pk": 3, "fields": {"tutor": 1, "course": 1, "user": 2}}, {"model": "CavTutor.tutee", "pk": 4, "fields": {"tutor": 1, "course": 1, "user": 8}}, {"model": "CavTutor.tutee", "pk": 5, "fields": {"tutor": 1, "course": 1, "user": 7}}, {"model": "CavTutor.tutee", "pk": 6, "fields": {"tutor": 6, "course": 7, "user": 7}}, {"model": "CavTutor.tutee", "pk": 7, "fields": {"tutor": 6, "course": 7, "user": 1}}, {"model": "CavTutor.tutee", "pk": 8, "fields": {"tutor": 6, "course": 7, "user": 8}}, {"model": "CavTutor.institution", "pk": 1, "fields": {"abbr": "UAS", "name": "University of American Samoa", "address": "No idea."}}, {"model": "CavTutor.institution", "pk": 2, "fields": {"abbr": "UVA", "name": "Thomas Jefferson's Community College", "address": "Charlottesville, VA"}}, {"model": "CavTutor.institution", "pk": 3, "fields": {"abbr": "VT", "name": "Virginia Polytechnic Institute and State University", "address": "Blacksburg, VA"}}, {"model": "CavTutor.institution", "pk": 4, "fields": {"abbr": "UMich", "name": "Universidad Michoacana de San Nicol\u00e1s de Hidalgo", "address": "Michoac\u00e1n, MX"}}, {"model": "CavTutor.institution", "pk": 5, "fields": {"abbr": "UniVie", "name": "Universit\u00e4t Wien", "address": "Vienna, AT"}}, {"model": "CavTutor.institution", "pk": 6, "fields": {"abbr": "Oxford", "name": "Oxford University", "address": "Oxford, UK"}}, {"model": "CavTutor.institution", "pk": 7, "fields": {"abbr": "SZU", "name": "Shenzhen University (\u6df1\u5733\u5927\u5b66)", "address": "Shenzen, Guangdong Province, CN"}}, {"model": "CavTutor.institution", "pk": 8, "fields": {"abbr": "PSU", "name": "Penn State University", "address": "State College, PA"}}, {"model": "auth.permission", "pk": 1, "fields": {"codename": "add_permission", "content_type": 1, "name": "Can add permission"}}, {"model": "auth.permission", "pk": 2, "fields": {"codename": "change_permission", "content_type": 1, "name": "Can change permission"}}, {"model": "auth.permission", "pk": 3, "fields": {"codename": "delete_permission", "content_type": 1, "name": "Can delete permission"}}, {"model": "auth.permission", "pk": 4, "fields": {"codename": "add_group", "content_type": 2, "name": "Can add group"}}, {"model": "auth.permission", "pk": 5, "fields": {"codename": "change_group", "content_type": 2, "name": "Can change group"}}, {"model": "auth.permission", "pk": 6, "fields": {"codename": "delete_group", "content_type": 2, "name": "Can delete group"}}, {"model": "auth.permission", "pk": 7, "fields": {"codename": "add_user", "content_type": 3, "name": "Can add user"}}, {"model": "auth.permission", "pk": 8, "fields": {"codename": "change_user", "content_type": 3, "name": "Can change user"}}, {"model": "auth.permission", "pk": 9, "fields": {"codename": "delete_user", "content_type": 3, "name": "Can delete user"}}, {"model": "auth.permission", "pk": 10, "fields": {"codename": "add_contenttype", "content_type": 4, "name": "Can add content type"}}, {"model": "auth.permission", "pk": 11, "fields": {"codename": "change_contenttype", "content_type": 4, "name": "Can change content type"}}, {"model": "auth.permission", "pk": 12, "fields": {"codename": "delete_contenttype", "content_type": 4, "name": "Can delete content type"}}, {"model": "auth.permission", "pk": 13, "fields": {"codename": "add_session", "content_type": 5, "name": "Can add session"}}, {"model": "auth.permission", "pk": 14, "fields": {"codename": "change_session", "content_type": 5, "name": "Can change session"}}, {"model": "auth.permission", "pk": 15, "fields": {"codename": "delete_session", "content_type": 5, "name": "Can delete session"}}, {"model": "auth.permission", "pk": 16, "fields": {"codename": "add_user", "content_type": 6, "name": "Can add user"}}, {"model": "auth.permission", "pk": 17, "fields": {"codename": "change_user", "content_type": 6, "name": "Can change user"}}, {"model": "auth.permission", "pk": 18, "fields": {"codename": "delete_user", "content_type": 6, "name": "Can delete user"}}, {"model": "auth.permission", "pk": 19, "fields": {"codename": "add_authenticator", "content_type": 7, "name": "Can add authenticator"}}, {"model": "auth.permission", "pk": 20, "fields": {"codename": "change_authenticator", "content_type": 7, "name": "Can change authenticator"}}, {"model": "auth.permission", "pk": 21, "fields": {"codename": "delete_authenticator", "content_type": 7, "name": "Can delete authenticator"}}, {"model": "auth.permission", "pk": 22, "fields": {"codename": "add_course", "content_type": 8, "name": "Can add course"}}, {"model": "auth.permission", "pk": 23, "fields": {"codename": "change_course", "content_type": 8, "name": "Can change course"}}, {"model": "auth.permission", "pk": 24, "fields": {"codename": "delete_course", "content_type": 8, "name": "Can delete course"}}, {"model": "auth.permission", "pk": 25, "fields": {"codename": "add_tutor", "content_type": 9, "name": "Can add tutor"}}, {"model": "auth.permission", "pk": 26, "fields": {"codename": "change_tutor", "content_type": 9, "name": "Can change tutor"}}, {"model": "auth.permission", "pk": 27, "fields": {"codename": "delete_tutor", "content_type": 9, "name": "Can delete tutor"}}, {"model": "auth.permission", "pk": 28, "fields": {"codename": "add_tutee", "content_type": 10, "name": "Can add tutee"}}, {"model": "auth.permission", "pk": 29, "fields": {"codename": "change_tutee", "content_type": 10, "name": "Can change tutee"}}, {"model": "auth.permission", "pk": 30, "fields": {"codename": "delete_tutee", "content_type": 10, "name": "Can delete tutee"}}, {"model": "auth.permission", "pk": 31, "fields": {"codename": "add_institution", "content_type": 11, "name": "Can add institution"}}, {"model": "auth.permission", "pk": 32, "fields": {"codename": "change_institution", "content_type": 11, "name": "Can change institution"}}, {"model": "auth.permission", "pk": 33, "fields": {"codename": "delete_institution", "content_type": 11, "name": "Can delete institution"}}]